<?xml version="1.0" encoding="UTF-8"?>
<beans xmlns="http://www.springframework.org/schema/beans"
	xmlns:context="http://www.springframework.org/schema/context"
	xmlns:xsi="http://www.w3.org/2001/XMLSchema-instance"
	xmlns:tx="http://www.springframework.org/schema/tx"
	xmlns:mvc="http://www.springframework.org/schema/mvc"
	xsi:schemaLocation="
http://www.springframework.org/schema/beans
http://www.springframework.org/schema/beans/spring-beans-3.0.xsd
http://www.springframework.org/schema/context
http://www.springframework.org/schema/context/spring-context-3.0.xsd
http://www.springframework.org/schema/mvc 
http://www.springframework.org/schema/mvc/spring-mvc-3.0.xsd
http://www.springframework.org/schema/tx 
http://www.springframework.org/schema/tx/spring-tx-2.5.xsd">
 
	<context:component-scan base-package="com.mavenproject.controller" />
	<mvc:annotation-driven/>
 	
	<bean class="org.springframework.web.servlet.view.InternalResourceViewResolver">
		<property name="prefix" value="/WEB-INF/views/" />
		<property name="suffix" value=".jsp" />
	</bean>
	
	<!-- Data source -->
	<bean id="dataSource" class="org.apache.commons.dbcp.BasicDataSource">
        <property name="driverClassName" value="com.mysql.jdbc.Driver" />
        <property name="url" value="jdbc:mysql://localhost:3306/maventest" />
        <property name="username" value="root" />
        <property name="password" value="root" />
    </bean>
 	
 	<!-- Hibernate Session Factory -->
 	<bean id="sessionFactory"
          class="org.springframework.orm.hibernate4.LocalSessionFactoryBean">
	    <property name="dataSource" ref="dataSource" />
        <property name="hibernateProperties">
            <props>
                <prop key="hibernate.dialect">org.hibernate.dialect.MySQLDialect</prop>
                <prop key="hibernate.show_sql">false</prop>
                <prop key="hibernate.connection.pool_size">100</prop>
                <prop key="hibernate.hbm2ddl.auto">update</prop>
            </props>
        </property>
        <property name="annotatedClasses">
            <list>
                <value>com.mavenproject.domain.Department</value>
                <value>com.mavenproject.domain.Employee</value>
            </list>
        </property>
    </bean>
    
     <!-- Transaction Manager -->
    <tx:annotation-driven transaction-manager="transactionManager" />
    
    <bean id="transactionManager" class="org.springframework.orm.hibernate4.HibernateTransactionManager">
		<property name="sessionFactory" ref="sessionFactory" />
	</bean>
	
	<!--  Beans declaration -->
	<bean id="departmentServiceBean" class="com.mavenproject.service.DepartmentServiceBean">
		<property name="sessionFactory" ref="sessionFactory" />
	</bean>
	
</beans>
